{
  "model_name": "Random Forest",
  "model_version": "2.0.0",
  "training_samples": 10000,
  "validation_auc": 0.999941848748595,
  "validation_brier_loss": 0.002919633400750806,
  "classification_threshold": 0.56,
  "random_seed": 42,
  "feature_coefficients": {
    "age": 0.1366325779341055,
    "heightCm": -0.1327824524107811,
    "weightKg": 0.26125438529261225,
    "bmi": 0.40016394158176094,
    "systolicBP": -0.05578211142464411,
    "diastolicBP": 0.08669541890529506,
    "fastingBloodSugar": 3.7114398567711375,
    "bloodSugarHbA1c": 4.017023154338641,
    "gender": -0.1522719629306976,
    "smoking": 0.06757243402934605,
    "exercise": -0.057038091024464506
  },
  "features": {
    "numeric": [
      "age",
      "heightCm",
      "weightKg",
      "bmi",
      "systolicBP",
      "diastolicBP",
      "fastingBloodSugar",
      "bloodSugarHbA1c"
    ],
    "categorical": [
      "gender",
      "smoking",
      "exercise"
    ]
  }
}